{
  "ER_society": 0.7333333333333334,
  "dev_society": 0.7266666666666666,
  "noRoles": 0.7233333333333333
}